,Name,ID
0,Alabama,1000
1,Autauga,1001
2,Baldwin,1003
3,Barbour,1005
4,Bibb,1007
5,Blount,1009
6,Bullock,1011
7,Butler,1013
8,Calhoun,1015
9,Chambers,1017
10,Cherokee,1019
11,Chilton,1021
12,Choctaw,1023
13,Clarke,1025
14,Clay,1027
15,Cleburne,1029
16,Coffee,1031
17,Colbert,1033
18,Conecuh,1035
19,Coosa,1037
20,Covington,1039
21,Crenshaw,1041
22,Cullman,1043
23,Dale,1045
24,Dallas,1047
25,DeKalb,1049
26,Elmore,1051
27,Escambia,1053
28,Etowah,1055
29,Fayette,1057
30,Franklin,1059
31,Geneva,1061
32,Greene,1063
33,Hale,1065
34,Henry,1067
35,Houston,1069
36,Jackson,1071
37,Jefferson,1073
38,Lamar,1075
39,Lauderdale,1077
40,Lawrence,1079
41,Lee,1081
42,Limestone,1083
43,Lowndes,1085
44,Macon,1087
45,Madison,1089
46,Marengo,1091
47,Marion,1093
48,Marshall,1095
49,Mobile,1097
50,Monroe,1099
51,Montgomery,1101
52,Morgan,1103
53,Perry,1105
54,Pickens,1107
55,Pike,1109
56,Randolph,1111
57,Russell,1113
58,St. Clair,1115
59,Shelby,1117
60,Sumter,1119
61,Talladega,1121
62,Tallapoosa,1123
63,Tuscaloosa,1125
64,Walker,1127
65,Washington,1129
66,Wilcox,1131
67,Winston,1133
68,Alaska,2000
69,Aleutians East,2013
70,Aleutians West,2016
71,Anchorage,2020
72,Bethel,2050
73,Bristol Bay,2060
74,Denali,2068
75,Dillingham,2070
76,Fairbanks North Star,2090
77,Haines,2100
78,Juneau,2110
79,Kenai Peninsula,2122
80,Ketchikan Gateway,2130
81,Kodiak Island,2150
82,Lake and Peninsula,2164
83,Matanuska-Susitna,2170
84,Nome,2180
85,North Slope,2185
86,Northwest Arctic,2188
87,Prince of Wales-Outer Ketchikan,2201
88,Sitka,2220
89,Skagway-Hoonah-Angoon,2232
90,Southeast Fairbanks,2240
91,Valdez-Cordova,2261
92,Wade Hampton,2270
93,Wrangell-Petersburg,2280
94,Yakutat,2282
95,Yukon-Koyukuk,2290
96,Arizona,4000
97,Apache,4001
98,Cochise,4003
99,Coconino,4005
100,Gila,4007
101,Graham,4009
102,Greenlee,4011
103,La Paz,4012
104,Maricopa,4013
105,Mohave,4015
106,Navajo,4017
107,Pima,4019
108,Pinal,4021
109,Santa Cruz,4023
110,Yavapai,4025
111,Yuma,4027
112,Arkansas,5000
113,Arkansas,5001
114,Ashley,5003
115,Baxter,5005
116,Benton,5007
117,Boone,5009
118,Bradley,5011
119,Calhoun,5013
120,Carroll,5015
121,Chicot,5017
122,Clark,5019
123,Clay,5021
124,Cleburne,5023
125,Cleveland,5025
126,Columbia,5027
127,Conway,5029
128,Craighead,5031
129,Crawford,5033
130,Crittenden,5035
131,Cross,5037
132,Dallas,5039
133,Desha,5041
134,Drew,5043
135,Faulkner,5045
136,Franklin,5047
137,Fulton,5049
138,Garland,5051
139,Grant,5053
140,Greene,5055
141,Hempstead,5057
142,Hot Spring,5059
143,Howard,5061
144,Independence,5063
145,Izard,5065
146,Jackson,5067
147,Jefferson,5069
148,Johnson,5071
149,Lafayette,5073
150,Lawrence,5075
151,Lee,5077
152,Lincoln,5079
153,Little River,5081
154,Logan,5083
155,Lonoke,5085
156,Madison,5087
157,Marion,5089
158,Miller,5091
159,Mississippi,5093
160,Monroe,5095
161,Montgomery,5097
162,Nevada,5099
163,Newton,5101
164,Ouachita,5103
165,Perry,5105
166,Phillips,5107
167,Pike,5109
168,Poinsett,5111
169,Polk,5113
170,Pope,5115
171,Prairie,5117
172,Pulaski,5119
173,Randolph,5121
174,St. Francis,5123
175,Saline,5125
176,Scott,5127
177,Searcy,5129
178,Sebastian,5131
179,Sevier,5133
180,Sharp,5135
181,Stone,5137
182,Union,5139
183,Van Buren,5141
184,Washington,5143
185,White,5145
186,Woodruff,5147
187,Yell,5149
188,California,6000
189,Alameda,6001
190,Alpine,6003
191,Amador,6005
192,Butte,6007
193,Calaveras,6009
194,Colusa,6011
195,Contra Costa,6013
196,Del Norte,6015
197,El Dorado,6017
198,Fresno,6019
199,Glenn,6021
200,Humboldt,6023
201,Imperial,6025
202,Inyo,6027
203,Kern,6029
204,Kings,6031
205,Lake,6033
206,Lassen,6035
207,Los Angeles,6037
208,Madera,6039
209,Marin,6041
210,Mariposa,6043
211,Mendocino,6045
212,Merced,6047
213,Modoc,6049
214,Mono,6051
215,Monterey,6053
216,Napa,6055
217,Nevada,6057
218,Orange,6059
219,Placer,6061
220,Plumas,6063
221,Riverside,6065
222,Sacramento,6067
223,San Benito,6069
224,San Bernardino,6071
225,San Diego,6073
226,San Francisco,6075
227,San Joaquin,6077
228,San Luis Obispo,6079
229,San Mateo,6081
230,Santa Barbara,6083
231,Santa Clara,6085
232,Santa Cruz,6087
233,Shasta,6089
234,Sierra,6091
235,Siskiyou,6093
236,Solano,6095
237,Sonoma,6097
238,Stanislaus,6099
239,Sutter,6101
240,Tehama,6103
241,Trinity,6105
242,Tulare,6107
243,Tuolumne,6109
244,Ventura,6111
245,Yolo,6113
246,Yuba,6115
247,Colorado,8000
248,Adams,8001
249,Alamosa,8003
250,Arapahoe,8005
251,Archuleta,8007
252,Baca,8009
253,Bent,8011
254,Boulder,8013
255,Chaffee,8015
256,Cheyenne,8017
257,Clear Creek,8019
258,Conejos,8021
259,Costilla,8023
260,Crowley,8025
261,Custer,8027
262,Delta,8029
263,Denver,8031
264,Dolores,8033
265,Douglas,8035
266,Eagle,8037
267,Elbert,8039
268,El Paso,8041
269,Fremont,8043
270,Garfield,8045
271,Gilpin,8047
272,Grand,8049
273,Gunnison,8051
274,Hinsdale,8053
275,Huerfano,8055
276,Jackson,8057
277,Jefferson,8059
278,Kiowa,8061
279,Kit Carson,8063
280,Lake,8065
281,La Plata,8067
282,Larimer,8069
283,Las Animas,8071
284,Lincoln,8073
285,Logan,8075
286,Mesa,8077
287,Mineral,8079
288,Moffat,8081
289,Montezuma,8083
290,Montrose,8085
291,Morgan,8087
292,Otero,8089
293,Ouray,8091
294,Park,8093
295,Phillips,8095
296,Pitkin,8097
297,Prowers,8099
298,Pueblo,8101
299,Rio Blanco,8103
300,Rio Grande,8105
301,Routt,8107
302,Saguache,8109
303,San Juan,8111
304,San Miguel,8113
305,Sedgwick,8115
306,Summit,8117
307,Teller,8119
308,Washington,8121
309,Weld,8123
310,Yuma,8125
311,Connecticut,9000
312,Fairfield,9001
313,Hartford,9003
314,Litchfield,9005
315,Middlesex,9007
316,New Haven,9009
317,New London,9011
318,Tolland,9013
319,Windham,9015
320,Delaware,10000
321,Kent,10001
322,New Castle,10003
323,Sussex,10005
324,District of Columbia 1,11000
325,District of Columbia,11001
326,Florida,12000
327,Alachua,12001
328,Baker,12003
329,Bay,12005
330,Bradford,12007
331,Brevard,12009
332,Broward,12011
333,Calhoun,12013
334,Charlotte,12015
335,Citrus,12017
336,Clay,12019
337,Collier,12021
338,Columbia,12023
339,Dade,12025
340,De Soto,12027
341,Dixie,12029
342,Duval,12031
343,Escambia,12033
344,Flagler,12035
345,Franklin,12037
346,Gadsden,12039
347,Gilchrist,12041
348,Glades,12043
349,Gulf,12045
350,Hamilton,12047
351,Hardee,12049
352,Hendry,12051
353,Hernando,12053
354,Highlands,12055
355,Hillsborough,12057
356,Holmes,12059
357,Indian River,12061
358,Jackson,12063
359,Jefferson,12065
360,Lafayette,12067
361,Lake,12069
362,Lee,12071
363,Leon,12073
364,Levy,12075
365,Liberty,12077
366,Madison,12079
367,Manatee,12081
368,Marion,12083
369,Martin,12085
370,Monroe,12087
371,Nassau,12089
372,Okaloosa,12091
373,Okeechobee,12093
374,Orange,12095
375,Osceola,12097
376,Palm Beach,12099
377,Pasco,12101
378,Pinellas,12103
379,Polk,12105
380,Putnam,12107
381,St. Johns,12109
382,St. Lucie,12111
383,Santa Rosa,12113
384,Sarasota,12115
385,Seminole,12117
386,Sumter,12119
387,Suwannee,12121
388,Taylor,12123
389,Union,12125
390,Volusia,12127
391,Wakulla,12129
392,Walton,12131
393,Washington,12133
394,Georgia,13000
395,Appling,13001
396,Atkinson,13003
397,Bacon,13005
398,Baker,13007
399,Baldwin,13009
400,Banks,13011
401,Barrow,13013
402,Bartow,13015
403,Ben Hill,13017
404,Berrien,13019
405,Bibb,13021
406,Bleckley,13023
407,Brantley,13025
408,Brooks,13027
409,Bryan,13029
410,Bulloch,13031
411,Burke,13033
412,Butts,13035
413,Calhoun,13037
414,Camden,13039
415,Candler,13043
416,Carroll,13045
417,Catoosa,13047
418,Charlton,13049
419,Chatham,13051
420,Chattahoochee,13053
421,Chattooga,13055
422,Cherokee,13057
423,Clarke,13059
424,Clay,13061
425,Clayton,13063
426,Clinch,13065
427,Cobb,13067
428,Coffee,13069
429,Colquitt,13071
430,Columbia,13073
431,Cook,13075
432,Coweta,13077
433,Crawford,13079
434,Crisp,13081
435,Dade,13083
436,Dawson,13085
437,Decatur,13087
438,DeKalb,13089
439,Dodge,13091
440,Dooly,13093
441,Dougherty,13095
442,Douglas,13097
443,Early,13099
444,Echols,13101
445,Effingham,13103
446,Elbert,13105
447,Emanuel,13107
448,Evans,13109
449,Fannin,13111
450,Fayette,13113
451,Floyd,13115
452,Forsyth,13117
453,Franklin,13119
454,Fulton,13121
455,Gilmer,13123
456,Glascock,13125
457,Glynn,13127
458,Gordon,13129
459,Grady,13131
460,Greene,13133
461,Gwinnett,13135
462,Habersham,13137
463,Hall,13139
464,Hancock,13141
465,Haralson,13143
466,Harris,13145
467,Hart,13147
468,Heard,13149
469,Henry,13151
470,Houston,13153
471,Irwin,13155
472,Jackson,13157
473,Jasper,13159
474,Jeff Davis,13161
475,Jefferson,13163
476,Jenkins,13165
477,Johnson,13167
478,Jones,13169
479,Lamar,13171
480,Lanier,13173
481,Laurens,13175
482,Lee,13177
483,Liberty,13179
484,Lincoln,13181
485,Long,13183
486,Lowndes,13185
487,Lumpkin,13187
488,McDuffie,13189
489,McIntosh,13191
490,Macon,13193
491,Madison,13195
492,Marion,13197
493,Meriwether,13199
494,Miller,13201
495,Mitchell,13205
496,Monroe,13207
497,Montgomery,13209
498,Morgan,13211
499,Murray,13213
500,Muscogee,13215
501,Newton,13217
502,Oconee,13219
503,Oglethorpe,13221
504,Paulding,13223
505,Peach,13225
506,Pickens,13227
507,Pierce,13229
508,Pike,13231
509,Polk,13233
510,Pulaski,13235
511,Putnam,13237
512,Quitman,13239
513,Rabun,13241
514,Randolph,13243
515,Richmond,13245
516,Rockdale,13247
517,Schley,13249
518,Screven,13251
519,Seminole,13253
520,Spalding,13255
521,Stephens,13257
522,Stewart,13259
523,Sumter,13261
524,Talbot,13263
525,Taliaferro,13265
526,Tattnall,13267
527,Taylor,13269
528,Telfair,13271
529,Terrell,13273
530,Thomas,13275
531,Tift,13277
532,Toombs,13279
533,Towns,13281
534,Treutlen,13283
535,Troup,13285
536,Turner,13287
537,Twiggs,13289
538,Union,13291
539,Upson,13293
540,Walker,13295
541,Walton,13297
542,Ware,13299
543,Warren,13301
544,Washington,13303
545,Wayne,13305
546,Webster,13307
547,Wheeler,13309
548,White,13311
549,Whitfield,13313
550,Wilcox,13315
551,Wilkes,13317
552,Wilkinson,13319
553,Worth,13321
554,Hawaii,15000
555,Hawaii,15001
556,Honolulu,15003
557,Kalawao,15005
558,Kauai,15007
559,Maui,15009
560,Idaho,16000
561,Ada,16001
562,Adams,16003
563,Bannock,16005
564,Bear Lake,16007
565,Benewah,16009
566,Bingham,16011
567,Blaine,16013
568,Boise,16015
569,Bonner,16017
570,Bonneville,16019
571,Boundary,16021
572,Butte,16023
573,Camas,16025
574,Canyon,16027
575,Caribou,16029
576,Cassia,16031
577,Clark,16033
578,Clearwater,16035
579,Custer,16037
580,Elmore,16039
581,Franklin,16041
582,Fremont,16043
583,Gem,16045
584,Gooding,16047
585,Idaho,16049
586,Jefferson,16051
587,Jerome,16053
588,Kootenai,16055
589,Latah,16057
590,Lemhi,16059
591,Lewis,16061
592,Lincoln,16063
593,Madison,16065
594,Minidoka,16067
595,Nez Perce,16069
596,Oneida,16071
597,Owyhee,16073
598,Payette,16075
599,Power,16077
600,Shoshone,16079
601,Teton,16081
602,Twin Falls,16083
603,Valley,16085
604,Washington,16087
605,Illinois,17000
606,Adams,17001
607,Alexander,17003
608,Bond,17005
609,Boone,17007
610,Brown,17009
611,Bureau,17011
612,Calhoun,17013
613,Carroll,17015
614,Cass,17017
615,Champaign,17019
616,Christian,17021
617,Clark,17023
618,Clay,17025
619,Clinton,17027
620,Coles,17029
621,Cook,17031
622,Crawford,17033
623,Cumberland,17035
624,DeKalb,17037
625,De Witt,17039
626,Douglas,17041
627,DuPage,17043
628,Edgar,17045
629,Edwards,17047
630,Effingham,17049
631,Fayette,17051
632,Ford,17053
633,Franklin,17055
634,Fulton,17057
635,Gallatin,17059
636,Greene,17061
637,Grundy,17063
638,Hamilton,17065
639,Hancock,17067
640,Hardin,17069
641,Henderson,17071
642,Henry,17073
643,Iroquois,17075
644,Jackson,17077
645,Jasper,17079
646,Jefferson,17081
647,Jersey,17083
648,Jo Daviess,17085
649,Johnson,17087
650,Kane,17089
651,Kankakee,17091
652,Kendall,17093
653,Knox,17095
654,Lake,17097
655,LaSalle,17099
656,Lawrence,17101
657,Lee,17103
658,Livingston,17105
659,Logan,17107
660,McDonough,17109
661,McHenry,17111
662,McLean,17113
663,Macon,17115
664,Macoupin,17117
665,Madison,17119
666,Marion,17121
667,Marshall,17123
668,Mason,17125
669,Massac,17127
670,Menard,17129
671,Mercer,17131
672,Monroe,17133
673,Montgomery,17135
674,Morgan,17137
675,Moultrie,17139
676,Ogle,17141
677,Peoria,17143
678,Perry,17145
679,Piatt,17147
680,Pike,17149
681,Pope,17151
682,Pulaski,17153
683,Putnam,17155
684,Randolph,17157
685,Richland,17159
686,Rock Island,17161
687,St. Clair,17163
688,Saline,17165
689,Sangamon,17167
690,Schuyler,17169
691,Scott,17171
692,Shelby,17173
693,Stark,17175
694,Stephenson,17177
695,Tazewell,17179
696,Union,17181
697,Vermilion,17183
698,Wabash,17185
699,Warren,17187
700,Washington,17189
701,Wayne,17191
702,White,17193
703,Whiteside,17195
704,Will,17197
705,Williamson,17199
706,Winnebago,17201
707,Woodford,17203
708,Indiana,18000
709,Adams,18001
710,Allen,18003
711,Bartholomew,18005
712,Benton,18007
713,Blackford,18009
714,Boone,18011
715,Brown,18013
716,Carroll,18015
717,Cass,18017
718,Clark,18019
719,Clay,18021
720,Clinton,18023
721,Crawford,18025
722,Daviess,18027
723,Dearborn,18029
724,Decatur,18031
725,DeKalb,18033
726,Delaware,18035
727,Dubois,18037
728,Elkhart,18039
729,Fayette,18041
730,Floyd,18043
731,Fountain,18045
732,Franklin,18047
733,Fulton,18049
734,Gibson,18051
735,Grant,18053
736,Greene,18055
737,Hamilton,18057
738,Hancock,18059
739,Harrison,18061
740,Hendricks,18063
741,Henry,18065
742,Howard,18067
743,Huntington,18069
744,Jackson,18071
745,Jasper,18073
746,Jay,18075
747,Jefferson,18077
748,Jennings,18079
749,Johnson,18081
750,Knox,18083
751,Kosciusko,18085
752,LaGrange,18087
753,Lake,18089
754,LaPorte,18091
755,Lawrence,18093
756,Madison,18095
757,Marion,18097
758,Marshall,18099
759,Martin,18101
760,Miami,18103
761,Monroe,18105
762,Montgomery,18107
763,Morgan,18109
764,Newton,18111
765,Noble,18113
766,Ohio,18115
767,Orange,18117
768,Owen,18119
769,Parke,18121
770,Perry,18123
771,Pike,18125
772,Porter,18127
773,Posey,18129
774,Pulaski,18131
775,Putnam,18133
776,Randolph,18135
777,Ripley,18137
778,Rush,18139
779,St. Joseph,18141
780,Scott,18143
781,Shelby,18145
782,Spencer,18147
783,Starke,18149
784,Steuben,18151
785,Sullivan,18153
786,Switzerland,18155
787,Tippecanoe,18157
788,Tipton,18159
789,Union,18161
790,Vanderburgh,18163
791,Vermillion,18165
792,Vigo,18167
793,Wabash,18169
794,Warren,18171
795,Warrick,18173
796,Washington,18175
797,Wayne,18177
798,Wells,18179
799,White,18181
800,Whitley,18183
801,Iowa,19000
802,Adair,19001
803,Adams,19003
804,Allamakee,19005
805,Appanoose,19007
806,Audubon,19009
807,Benton,19011
808,Black Hawk,19013
809,Boone,19015
810,Bremer,19017
811,Buchanan,19019
812,Buena Vista,19021
813,Butler,19023
814,Calhoun,19025
815,Carroll,19027
816,Cass,19029
817,Cedar,19031
818,Cerro Gordo,19033
819,Cherokee,19035
820,Chickasaw,19037
821,Clarke,19039
822,Clay,19041
823,Clayton,19043
824,Clinton,19045
825,Crawford,19047
826,Dallas,19049
827,Davis,19051
828,Decatur,19053
829,Delaware,19055
830,Des Moines,19057
831,Dickinson,19059
832,Dubuque,19061
833,Emmet,19063
834,Fayette,19065
835,Floyd,19067
836,Franklin,19069
837,Fremont,19071
838,Greene,19073
839,Grundy,19075
840,Guthrie,19077
841,Hamilton,19079
842,Hancock,19081
843,Hardin,19083
844,Harrison,19085
845,Henry,19087
846,Howard,19089
847,Humboldt,19091
848,Ida,19093
849,Iowa,19095
850,Jackson,19097
851,Jasper,19099
852,Jefferson,19101
853,Johnson,19103
854,Jones,19105
855,Keokuk,19107
856,Kossuth,19109
857,Lee,19111
858,Linn,19113
859,Louisa,19115
860,Lucas,19117
861,Lyon,19119
862,Madison,19121
863,Mahaska,19123
864,Marion,19125
865,Marshall,19127
866,Mills,19129
867,Mitchell,19131
868,Monona,19133
869,Monroe,19135
870,Montgomery,19137
871,Muscatine,19139
872,O'Brien,19141
873,Osceola,19143
874,Page,19145
875,Palo Alto,19147
876,Plymouth,19149
877,Pocahontas,19151
878,Polk,19153
879,Pottawattamie,19155
880,Poweshiek,19157
881,Ringgold,19159
882,Sac,19161
883,Scott,19163
884,Shelby,19165
885,Sioux,19167
886,Story,19169
887,Tama,19171
888,Taylor,19173
889,Union,19175
890,Van Buren,19177
891,Wapello,19179
892,Warren,19181
893,Washington,19183
894,Wayne,19185
895,Webster,19187
896,Winnebago,19189
897,Winneshiek,19191
898,Woodbury,19193
899,Worth,19195
900,Wright,19197
901,Kansas,20000
902,Allen,20001
903,Anderson,20003
904,Atchison,20005
905,Barber,20007
906,Barton,20009
907,Bourbon,20011
908,Brown,20013
909,Butler,20015
910,Chase,20017
911,Chautauqua,20019
912,Cherokee,20021
913,Cheyenne,20023
914,Clark,20025
915,Clay,20027
916,Cloud,20029
917,Coffey,20031
918,Comanche,20033
919,Cowley,20035
920,Crawford,20037
921,Decatur,20039
922,Dickinson,20041
923,Doniphan,20043
924,Douglas,20045
925,Edwards,20047
926,Elk,20049
927,Ellis,20051
928,Ellsworth,20053
929,Finney,20055
930,Ford,20057
931,Franklin,20059
932,Geary,20061
933,Gove,20063
934,Graham,20065
935,Grant,20067
936,Gray,20069
937,Greeley,20071
938,Greenwood,20073
939,Hamilton,20075
940,Harper,20077
941,Harvey,20079
942,Haskell,20081
943,Hodgeman,20083
944,Jackson,20085
945,Jefferson,20087
946,Jewell,20089
947,Johnson,20091
948,Kearny,20093
949,Kingman,20095
950,Kiowa,20097
951,Labette,20099
952,Lane,20101
953,Leavenworth,20103
954,Lincoln,20105
955,Linn,20107
956,Logan,20109
957,Lyon,20111
958,McPherson,20113
959,Marion,20115
960,Marshall,20117
961,Meade,20119
962,Miami,20121
963,Mitchell,20123
964,Montgomery,20125
965,Morris,20127
966,Morton,20129
967,Nemaha,20131
968,Neosho,20133
969,Ness,20135
970,Norton,20137
971,Osage,20139
972,Osborne,20141
973,Ottawa,20143
974,Pawnee,20145
975,Phillips,20147
976,Pottawatomie,20149
977,Pratt,20151
978,Rawlins,20153
979,Reno,20155
980,Republic,20157
981,Rice,20159
982,Riley,20161
983,Rooks,20163
984,Rush,20165
985,Russell,20167
986,Saline,20169
987,Scott,20171
988,Sedgwick,20173
989,Seward,20175
990,Shawnee,20177
991,Sheridan,20179
992,Sherman,20181
993,Smith,20183
994,Stafford,20185
995,Stanton,20187
996,Stevens,20189
997,Sumner,20191
998,Thomas,20193
999,Trego,20195
1000,Wabaunsee,20197
1001,Wallace,20199
1002,Washington,20201
1003,Wichita,20203
1004,Wilson,20205
1005,Woodson,20207
1006,Wyandotte,20209
1007,Kentucky,21000
1008,Adair,21001
1009,Allen,21003
1010,Anderson,21005
1011,Ballard,21007
1012,Barren,21009
1013,Bath,21011
1014,Bell,21013
1015,Boone,21015
1016,Bourbon,21017
1017,Boyd,21019
1018,Boyle,21021
1019,Bracken,21023
1020,Breathitt,21025
1021,Breckinridge,21027
1022,Bullitt,21029
1023,Butler,21031
1024,Caldwell,21033
1025,Calloway,21035
1026,Campbell,21037
1027,Carlisle,21039
1028,Carroll,21041
1029,Carter,21043
1030,Casey,21045
1031,Christian,21047
1032,Clark,21049
1033,Clay,21051
1034,Clinton,21053
1035,Crittenden,21055
1036,Cumberland,21057
1037,Daviess,21059
1038,Edmonson,21061
1039,Elliott,21063
1040,Estill,21065
1041,Fayette,21067
1042,Fleming,21069
1043,Floyd,21071
1044,Franklin,21073
1045,Fulton,21075
1046,Gallatin,21077
1047,Garrard,21079
1048,Grant,21081
1049,Graves,21083
1050,Grayson,21085
1051,Green,21087
1052,Greenup,21089
1053,Hancock,21091
1054,Hardin,21093
1055,Harlan,21095
1056,Harrison,21097
1057,Hart,21099
1058,Henderson,21101
1059,Henry,21103
1060,Hickman,21105
1061,Hopkins,21107
1062,Jackson,21109
1063,Jefferson,21111
1064,Jessamine,21113
1065,Johnson,21115
1066,Kenton,21117
1067,Knott,21119
1068,Knox,21121
1069,Larue,21123
1070,Laurel,21125
1071,Lawrence,21127
1072,Lee,21129
1073,Leslie,21131
1074,Letcher,21133
1075,Lewis,21135
1076,Lincoln,21137
1077,Livingston,21139
1078,Logan,21141
1079,Lyon,21143
1080,McCracken,21145
1081,McCreary,21147
1082,McLean,21149
1083,Madison,21151
1084,Magoffin,21153
1085,Marion,21155
1086,Marshall,21157
1087,Martin,21159
1088,Mason,21161
1089,Meade,21163
1090,Menifee,21165
1091,Mercer,21167
1092,Metcalfe,21169
1093,Monroe,21171
1094,Montgomery,21173
1095,Morgan,21175
1096,Muhlenberg,21177
1097,Nelson,21179
1098,Nicholas,21181
1099,Ohio,21183
1100,Oldham,21185
1101,Owen,21187
1102,Owsley,21189
1103,Pendleton,21191
1104,Perry,21193
1105,Pike,21195
1106,Powell,21197
1107,Pulaski,21199
1108,Robertson,21201
1109,Rockcastle,21203
1110,Rowan,21205
1111,Russell,21207
1112,Scott,21209
1113,Shelby,21211
1114,Simpson,21213
1115,Spencer,21215
1116,Taylor,21217
1117,Todd,21219
1118,Trigg,21221
1119,Trimble,21223
1120,Union,21225
1121,Warren,21227
1122,Washington,21229
1123,Wayne,21231
1124,Webster,21233
1125,Whitley,21235
1126,Wolfe,21237
1127,Woodford,21239
1128,Louisiana,22000
1129,Acadia,22001
1130,Allen,22003
1131,Ascension,22005
1132,Assumption,22007
1133,Avoyelles,22009
1134,Beauregard,22011
1135,Bienville,22013
1136,Bossier,22015
1137,Caddo,22017
1138,Calcasieu,22019
1139,Caldwell,22021
1140,Cameron,22023
1141,Catahoula,22025
1142,Claiborne,22027
1143,Concordia,22029
1144,De Soto,22031
1145,East Baton Rouge,22033
1146,East Carroll,22035
1147,East Feliciana,22037
1148,Evangeline,22039
1149,Franklin,22041
1150,Grant,22043
1151,Iberia,22045
1152,Iberville,22047
1153,Jackson,22049
1154,Jefferson,22051
1155,Jefferson Davis,22053
1156,Lafayette,22055
1157,Lafourche,22057
1158,La Salle,22059
1159,Lincoln,22061
1160,Livingston,22063
1161,Madison,22065
1162,Morehouse,22067
1163,Natchitoches,22069
1164,Orleans,22071
1165,Ouachita,22073
1166,Plaquemines,22075
1167,Pointe Coupee,22077
1168,Rapides,22079
1169,Red River,22081
1170,Richland,22083
1171,Sabine,22085
1172,St. Bernard,22087
1173,St. Charles,22089
1174,St. Helena,22091
1175,St. James,22093
1176,St. John the Baptist,22095
1177,St. Landry,22097
1178,St. Martin,22099
1179,St. Mary,22101
1180,St. Tammany,22103
1181,Tangipahoa,22105
1182,Tensas,22107
1183,Terrebonne,22109
1184,Union,22111
1185,Vermilion,22113
1186,Vernon,22115
1187,Washington,22117
1188,Webster,22119
1189,West Baton Rouge,22121
1190,West Carroll,22123
1191,West Feliciana,22125
1192,Winn,22127
1193,Maine,23000
1194,Androscoggin,23001
1195,Aroostook,23003
1196,Cumberland,23005
1197,Franklin,23007
1198,Hancock,23009
1199,Kennebec,23011
1200,Knox,23013
1201,Lincoln,23015
1202,Oxford,23017
1203,Penobscot,23019
1204,Piscataquis,23021
1205,Sagadahoc,23023
1206,Somerset,23025
1207,Waldo,23027
1208,Washington,23029
1209,York,23031
1210,Maryland,24000
1211,Allegany,24001
1212,Anne Arundel,24003
1213,Baltimore,24005
1214,Calvert,24009
1215,Caroline,24011
1216,Carroll,24013
1217,Cecil,24015
1218,Charles,24017
1219,Dorchester,24019
1220,Frederick,24021
1221,Garrett,24023
1222,Harford,24025
1223,Howard,24027
1224,Kent,24029
1225,Montgomery,24031
1226,Prince George's,24033
1227,Queen Anne's,24035
1228,St. Mary's,24037
1229,Somerset,24039
1230,Talbot,24041
1231,Washington,24043
1232,Wicomico,24045
1233,Worcester,24047
1234,Baltimore city,24510
1235,Massachusetts,25000
1236,Barnstable,25001
1237,Berkshire,25003
1238,Bristol,25005
1239,Dukes,25007
1240,Essex,25009
1241,Franklin,25011
1242,Hampden,25013
1243,Hampshire,25015
1244,Middlesex,25017
1245,Nantucket,25019
1246,Norfolk,25021
1247,Plymouth,25023
1248,Suffolk,25025
1249,Worcester,25027
1250,Michigan,26000
1251,Alcona,26001
1252,Alger,26003
1253,Allegan,26005
1254,Alpena,26007
1255,Antrim,26009
1256,Arenac,26011
1257,Baraga,26013
1258,Barry,26015
1259,Bay,26017
1260,Benzie,26019
1261,Berrien,26021
1262,Branch,26023
1263,Calhoun,26025
1264,Cass,26027
1265,Charlevoix,26029
1266,Cheboygan,26031
1267,Chippewa,26033
1268,Clare,26035
1269,Clinton,26037
1270,Crawford,26039
1271,Delta,26041
1272,Dickinson,26043
1273,Eaton,26045
1274,Emmet,26047
1275,Genesee,26049
1276,Gladwin,26051
1277,Gogebic,26053
1278,Grand Traverse,26055
1279,Gratiot,26057
1280,Hillsdale,26059
1281,Houghton,26061
1282,Huron,26063
1283,Ingham,26065
1284,Ionia,26067
1285,Iosco,26069
1286,Iron,26071
1287,Isabella,26073
1288,Jackson,26075
1289,Kalamazoo,26077
1290,Kalkaska,26079
1291,Kent,26081
1292,Keweenaw,26083
1293,Lake,26085
1294,Lapeer,26087
1295,Leelanau,26089
1296,Lenawee,26091
1297,Livingston,26093
1298,Luce,26095
1299,Mackinac,26097
1300,Macomb,26099
1301,Manistee,26101
1302,Marquette,26103
1303,Mason,26105
1304,Mecosta,26107
1305,Menominee,26109
1306,Midland,26111
1307,Missaukee,26113
1308,Monroe,26115
1309,Montcalm,26117
1310,Montmorency,26119
1311,Muskegon,26121
1312,Newaygo,26123
1313,Oakland,26125
1314,Oceana,26127
1315,Ogemaw,26129
1316,Ontonagon,26131
1317,Osceola,26133
1318,Oscoda,26135
1319,Otsego,26137
1320,Ottawa,26139
1321,Presque Isle,26141
1322,Roscommon,26143
1323,Saginaw,26145
1324,St. Clair,26147
1325,St. Joseph,26149
1326,Sanilac,26151
1327,Schoolcraft,26153
1328,Shiawassee,26155
1329,Tuscola,26157
1330,Van Buren,26159
1331,Washtenaw,26161
1332,Wayne,26163
1333,Wexford,26165
1334,Minnesota,27000
1335,Aitkin,27001
1336,Anoka,27003
1337,Becker,27005
1338,Beltrami,27007
1339,Benton,27009
1340,Big Stone,27011
1341,Blue Earth,27013
1342,Brown,27015
1343,Carlton,27017
1344,Carver,27019
1345,Cass,27021
1346,Chippewa,27023
1347,Chisago,27025
1348,Clay,27027
1349,Clearwater,27029
1350,Cook,27031
1351,Cottonwood,27033
1352,Crow Wing,27035
1353,Dakota,27037
1354,Dodge,27039
1355,Douglas,27041
1356,Faribault,27043
1357,Fillmore,27045
1358,Freeborn,27047
1359,Goodhue,27049
1360,Grant,27051
1361,Hennepin,27053
1362,Houston,27055
1363,Hubbard,27057
1364,Isanti,27059
1365,Itasca,27061
1366,Jackson,27063
1367,Kanabec,27065
1368,Kandiyohi,27067
1369,Kittson,27069
1370,Koochiching,27071
1371,Lac qui Parle,27073
1372,Lake,27075
1373,Lake of the Woods,27077
1374,Le Sueur,27079
1375,Lincoln,27081
1376,Lyon,27083
1377,McLeod,27085
1378,Mahnomen,27087
1379,Marshall,27089
1380,Martin,27091
1381,Meeker,27093
1382,Mille Lacs,27095
1383,Morrison,27097
1384,Mower,27099
1385,Murray,27101
1386,Nicollet,27103
1387,Nobles,27105
1388,Norman,27107
1389,Olmsted,27109
1390,Otter Tail,27111
1391,Pennington,27113
1392,Pine,27115
1393,Pipestone,27117
1394,Polk,27119
1395,Pope,27121
1396,Ramsey,27123
1397,Red Lake,27125
1398,Redwood,27127
1399,Renville,27129
1400,Rice,27131
1401,Rock,27133
1402,Roseau,27135
1403,St. Louis,27137
1404,Scott,27139
1405,Sherburne,27141
1406,Sibley,27143
1407,Stearns,27145
1408,Steele,27147
1409,Stevens,27149
1410,Swift,27151
1411,Todd,27153
1412,Traverse,27155
1413,Wabasha,27157
1414,Wadena,27159
1415,Waseca,27161
1416,Washington,27163
1417,Watonwan,27165
1418,Wilkin,27167
1419,Winona,27169
1420,Wright,27171
1421,Yellow Medicine,27173
1422,Mississippi,28000
1423,Adams,28001
1424,Alcorn,28003
1425,Amite,28005
1426,Attala,28007
1427,Benton,28009
1428,Bolivar,28011
1429,Calhoun,28013
1430,Carroll,28015
1431,Chickasaw,28017
1432,Choctaw,28019
1433,Claiborne,28021
1434,Clarke,28023
1435,Clay,28025
1436,Coahoma,28027
1437,Copiah,28029
1438,Covington,28031
1439,DeSoto,28033
1440,Forrest,28035
1441,Franklin,28037
1442,George,28039
1443,Greene,28041
1444,Grenada,28043
1445,Hancock,28045
1446,Harrison,28047
1447,Hinds,28049
1448,Holmes,28051
1449,Humphreys,28053
1450,Issaquena,28055
1451,Itawamba,28057
1452,Jackson,28059
1453,Jasper,28061
1454,Jefferson,28063
1455,Jefferson Davis,28065
1456,Jones,28067
1457,Kemper,28069
1458,Lafayette,28071
1459,Lamar,28073
1460,Lauderdale,28075
1461,Lawrence,28077
1462,Leake,28079
1463,Lee,28081
1464,Leflore,28083
1465,Lincoln,28085
1466,Lowndes,28087
1467,Madison,28089
1468,Marion,28091
1469,Marshall,28093
1470,Monroe,28095
1471,Montgomery,28097
1472,Neshoba,28099
1473,Newton,28101
1474,Noxubee,28103
1475,Oktibbeha,28105
1476,Panola,28107
1477,Pearl River,28109
1478,Perry,28111
1479,Pike,28113
1480,Pontotoc,28115
1481,Prentiss,28117
1482,Quitman,28119
1483,Rankin,28121
1484,Scott,28123
1485,Sharkey,28125
1486,Simpson,28127
1487,Smith,28129
1488,Stone,28131
1489,Sunflower,28133
1490,Tallahatchie,28135
1491,Tate,28137
1492,Tippah,28139
1493,Tishomingo,28141
1494,Tunica,28143
1495,Union,28145
1496,Walthall,28147
1497,Warren,28149
1498,Washington,28151
1499,Wayne,28153
1500,Webster,28155
1501,Wilkinson,28157
1502,Winston,28159
1503,Yalobusha,28161
1504,Yazoo,28163
1505,Missouri,29000
1506,Adair,29001
1507,Andrew,29003
1508,Atchison,29005
1509,Audrain,29007
1510,Barry,29009
1511,Barton,29011
1512,Bates,29013
1513,Benton,29015
1514,Bollinger,29017
1515,Boone,29019
1516,Buchanan,29021
1517,Butler,29023
1518,Caldwell,29025
1519,Callaway,29027
1520,Camden,29029
1521,Cape Girardeau,29031
1522,Carroll,29033
1523,Carter,29035
1524,Cass,29037
1525,Cedar,29039
1526,Chariton,29041
1527,Christian,29043
1528,Clark,29045
1529,Clay,29047
1530,Clinton,29049
1531,Cole,29051
1532,Cooper,29053
1533,Crawford,29055
1534,Dade,29057
1535,Dallas,29059
1536,Daviess,29061
1537,DeKalb,29063
1538,Dent,29065
1539,Douglas,29067
1540,Dunklin,29069
1541,Franklin,29071
1542,Gasconade,29073
1543,Gentry,29075
1544,Greene,29077
1545,Grundy,29079
1546,Harrison,29081
1547,Henry,29083
1548,Hickory,29085
1549,Holt,29087
1550,Howard,29089
1551,Howell,29091
1552,Iron,29093
1553,Jackson,29095
1554,Jasper,29097
1555,Jefferson,29099
1556,Johnson,29101
1557,Knox,29103
1558,Laclede,29105
1559,Lafayette,29107
1560,Lawrence,29109
1561,Lewis,29111
1562,Lincoln,29113
1563,Linn,29115
1564,Livingston,29117
1565,McDonald,29119
1566,Macon,29121
1567,Madison,29123
1568,Maries,29125
1569,Marion,29127
1570,Mercer,29129
1571,Miller,29131
1572,Mississippi,29133
1573,Moniteau,29135
1574,Monroe,29137
1575,Montgomery,29139
1576,Morgan,29141
1577,New Madrid,29143
1578,Newton,29145
1579,Nodaway,29147
1580,Oregon,29149
1581,Osage,29151
1582,Ozark,29153
1583,Pemiscot,29155
1584,Perry,29157
1585,Pettis,29159
1586,Phelps,29161
1587,Pike,29163
1588,Platte,29165
1589,Polk,29167
1590,Pulaski,29169
1591,Putnam,29171
1592,Ralls,29173
1593,Randolph,29175
1594,Ray,29177
1595,Reynolds,29179
1596,Ripley,29181
1597,St. Charles,29183
1598,St. Clair,29185
1599,Ste. Genevieve,29186
1600,St. Francois,29187
1601,St. Louis,29189
1602,Saline,29195
1603,Schuyler,29197
1604,Scotland,29199
1605,Scott,29201
1606,Shannon,29203
1607,Shelby,29205
1608,Stoddard,29207
1609,Stone,29209
1610,Sullivan,29211
1611,Taney,29213
1612,Texas,29215
1613,Vernon,29217
1614,Warren,29219
1615,Washington,29221
1616,Wayne,29223
1617,Webster,29225
1618,Worth,29227
1619,Wright,29229
1620,St. Louis city,29510
1621,Montana,30000
1622,Beaverhead,30001
1623,Big Horn,30003
1624,Blaine,30005
1625,Broadwater,30007
1626,Carbon,30009
1627,Carter,30011
1628,Cascade,30013
1629,Chouteau,30015
1630,Custer,30017
1631,Daniels,30019
1632,Dawson,30021
1633,Deer Lodge,30023
1634,Fallon,30025
1635,Fergus,30027
1636,Flathead,30029
1637,Gallatin,30031
1638,Garfield,30033
1639,Glacier,30035
1640,Golden Valley,30037
1641,Granite,30039
1642,Hill,30041
1643,Jefferson,30043
1644,Judith Basin,30045
1645,Lake,30047
1646,Lewis and Clark,30049
1647,Liberty,30051
1648,Lincoln,30053
1649,McCone,30055
1650,Madison,30057
1651,Meagher,30059
1652,Mineral,30061
1653,Missoula,30063
1654,Musselshell,30065
1655,Park,30067
1656,Petroleum,30069
1657,Phillips,30071
1658,Pondera,30073
1659,Powder River,30075
1660,Powell,30077
1661,Prairie,30079
1662,Ravalli,30081
1663,Richland,30083
1664,Roosevelt,30085
1665,Rosebud,30087
1666,Sanders,30089
1667,Sheridan,30091
1668,Silver Bow,30093
1669,Stillwater,30095
1670,Sweet Grass,30097
1671,Teton,30099
1672,Toole,30101
1673,Treasure,30103
1674,Valley,30105
1675,Wheatland,30107
1676,Wibaux,30109
1677,Yellowstone,30111
1678,Yellowstone National Park,30113
1679,Nebraska,31000
1680,Adams,31001
1681,Antelope,31003
1682,Arthur,31005
1683,Banner,31007
1684,Blaine,31009
1685,Boone,31011
1686,Box Butte,31013
1687,Boyd,31015
1688,Brown,31017
1689,Buffalo,31019
1690,Burt,31021
1691,Butler,31023
1692,Cass,31025
1693,Cedar,31027
1694,Chase,31029
1695,Cherry,31031
1696,Cheyenne,31033
1697,Clay,31035
1698,Colfax,31037
1699,Cuming,31039
1700,Custer,31041
1701,Dakota,31043
1702,Dawes,31045
1703,Dawson,31047
1704,Deuel,31049
1705,Dixon,31051
1706,Dodge,31053
1707,Douglas,31055
1708,Dundy,31057
1709,Fillmore,31059
1710,Franklin,31061
1711,Frontier,31063
1712,Furnas,31065
1713,Gage,31067
1714,Garden,31069
1715,Garfield,31071
1716,Gosper,31073
1717,Grant,31075
1718,Greeley,31077
1719,Hall,31079
1720,Hamilton,31081
1721,Harlan,31083
1722,Hayes,31085
1723,Hitchcock,31087
1724,Holt,31089
1725,Hooker,31091
1726,Howard,31093
1727,Jefferson,31095
1728,Johnson,31097
1729,Kearney,31099
1730,Keith,31101
1731,Keya Paha,31103
1732,Kimball,31105
1733,Knox,31107
1734,Lancaster,31109
1735,Lincoln,31111
1736,Logan,31113
1737,Loup,31115
1738,McPherson,31117
1739,Madison,31119
1740,Merrick,31121
1741,Morrill,31123
1742,Nance,31125
1743,Nemaha,31127
1744,Nuckolls,31129
1745,Otoe,31131
1746,Pawnee,31133
1747,Perkins,31135
1748,Phelps,31137
1749,Pierce,31139
1750,Platte,31141
1751,Polk,31143
1752,Red Willow,31145
1753,Richardson,31147
1754,Rock,31149
1755,Saline,31151
1756,Sarpy,31153
1757,Saunders,31155
1758,Scotts Bluff,31157
1759,Seward,31159
1760,Sheridan,31161
1761,Sherman,31163
1762,Sioux,31165
1763,Stanton,31167
1764,Thayer,31169
1765,Thomas,31171
1766,Thurston,31173
1767,Valley,31175
1768,Washington,31177
1769,Wayne,31179
1770,Webster,31181
1771,Wheeler,31183
1772,York,31185
1773,Nevada,32000
1774,Churchill,32001
1775,Clark,32003
1776,Douglas,32005
1777,Elko,32007
1778,Esmeralda,32009
1779,Eureka,32011
1780,Humboldt,32013
1781,Lander,32015
1782,Lincoln,32017
1783,Lyon,32019
1784,Mineral,32021
1785,Nye,32023
1786,Pershing,32027
1787,Storey,32029
1788,Washoe,32031
1789,White Pine,32033
1790,Carson City,32510
1791,New Hampshire,33000
1792,Belknap,33001
1793,Carroll,33003
1794,Cheshire,33005
1795,Coos,33007
1796,Grafton,33009
1797,Hillsborough,33011
1798,Merrimack,33013
1799,Rockingham,33015
1800,Strafford,33017
1801,Sullivan,33019
1802,New Jersey,34000
1803,Atlantic,34001
1804,Bergen,34003
1805,Burlington,34005
1806,Camden,34007
1807,Cape May,34009
1808,Cumberland,34011
1809,Essex,34013
1810,Gloucester,34015
1811,Hudson,34017
1812,Hunterdon,34019
1813,Mercer,34021
1814,Middlesex,34023
1815,Monmouth,34025
1816,Morris,34027
1817,Ocean,34029
1818,Passaic,34031
1819,Salem,34033
1820,Somerset,34035
1821,Sussex,34037
1822,Union,34039
1823,Warren,34041
1824,New Mexico,35000
1825,Bernalillo,35001
1826,Catron,35003
1827,Chaves,35005
1828,Cibola,35006
1829,Colfax,35007
1830,Curry,35009
1831,De Baca,35011
1832,Dona Ana,35013
1833,Eddy,35015
1834,Grant,35017
1835,Guadalupe,35019
1836,Harding,35021
1837,Hidalgo,35023
1838,Lea,35025
1839,Lincoln,35027
1840,Los Alamos,35028
1841,Luna,35029
1842,McKinley,35031
1843,Mora,35033
1844,Otero,35035
1845,Quay,35037
1846,Rio Arriba,35039
1847,Roosevelt,35041
1848,Sandoval,35043
1849,San Juan,35045
1850,San Miguel,35047
1851,Santa Fe,35049
1852,Sierra,35051
1853,Socorro,35053
1854,Taos,35055
1855,Torrance,35057
1856,Union,35059
1857,Valencia,35061
1858,New York,36000
1859,Albany,36001
1860,Allegany,36003
1861,Bronx,36005
1862,Broome,36007
1863,Cattaraugus,36009
1864,Cayuga,36011
1865,Chautauqua,36013
1866,Chemung,36015
1867,Chenango,36017
1868,Clinton,36019
1869,Columbia,36021
1870,Cortland,36023
1871,Delaware,36025
1872,Dutchess,36027
1873,Erie,36029
1874,Essex,36031
1875,Franklin,36033
1876,Fulton,36035
1877,Genesee,36037
1878,Greene,36039
1879,Hamilton,36041
1880,Herkimer,36043
1881,Jefferson,36045
1882,Kings,36047
1883,Lewis,36049
1884,Livingston,36051
1885,Madison,36053
1886,Monroe,36055
1887,Montgomery,36057
1888,Nassau,36059
1889,New York,36061
1890,Niagara,36063
1891,Oneida,36065
1892,Onondaga,36067
1893,Ontario,36069
1894,Orange,36071
1895,Orleans,36073
1896,Oswego,36075
1897,Otsego,36077
1898,Putnam,36079
1899,Queens,36081
1900,Rensselaer,36083
1901,Richmond,36085
1902,Rockland,36087
1903,St. Lawrence,36089
1904,Saratoga,36091
1905,Schenectady,36093
1906,Schoharie,36095
1907,Schuyler,36097
1908,Seneca,36099
1909,Steuben,36101
1910,Suffolk,36103
1911,Sullivan,36105
1912,Tioga,36107
1913,Tompkins,36109
1914,Ulster,36111
1915,Warren,36113
1916,Washington,36115
1917,Wayne,36117
1918,Westchester,36119
1919,Wyoming,36121
1920,Yates,36123
1921,North Carolina,37000
1922,Alamance,37001
1923,Alexander,37003
1924,Alleghany,37005
1925,Anson,37007
1926,Ashe,37009
1927,Avery,37011
1928,Beaufort,37013
1929,Bertie,37015
1930,Bladen,37017
1931,Brunswick,37019
1932,Buncombe,37021
1933,Burke,37023
1934,Cabarrus,37025
1935,Caldwell,37027
1936,Camden,37029
1937,Carteret,37031
1938,Caswell,37033
1939,Catawba,37035
1940,Chatham,37037
1941,Cherokee,37039
1942,Chowan,37041
1943,Clay,37043
1944,Cleveland,37045
1945,Columbus,37047
1946,Craven,37049
1947,Cumberland,37051
1948,Currituck,37053
1949,Dare,37055
1950,Davidson,37057
1951,Davie,37059
1952,Duplin,37061
1953,Durham,37063
1954,Edgecombe,37065
1955,Forsyth,37067
1956,Franklin,37069
1957,Gaston,37071
1958,Gates,37073
1959,Graham,37075
1960,Granville,37077
1961,Greene,37079
1962,Guilford,37081
1963,Halifax,37083
1964,Harnett,37085
1965,Haywood,37087
1966,Henderson,37089
1967,Hertford,37091
1968,Hoke,37093
1969,Hyde,37095
1970,Iredell,37097
1971,Jackson,37099
1972,Johnston,37101
1973,Jones,37103
1974,Lee,37105
1975,Lenoir,37107
1976,Lincoln,37109
1977,McDowell,37111
1978,Macon,37113
1979,Madison,37115
1980,Martin,37117
1981,Mecklenburg,37119
1982,Mitchell,37121
1983,Montgomery,37123
1984,Moore,37125
1985,Nash,37127
1986,New Hanover,37129
1987,Northampton,37131
1988,Onslow,37133
1989,Orange,37135
1990,Pamlico,37137
1991,Pasquotank,37139
1992,Pender,37141
1993,Perquimans,37143
1994,Person,37145
1995,Pitt,37147
1996,Polk,37149
1997,Randolph,37151
1998,Richmond,37153
1999,Robeson,37155
2000,Rockingham,37157
2001,Rowan,37159
2002,Rutherford,37161
2003,Sampson,37163
2004,Scotland,37165
2005,Stanly,37167
2006,Stokes,37169
2007,Surry,37171
2008,Swain,37173
2009,Transylvania,37175
2010,Tyrrell,37177
2011,Union,37179
2012,Vance,37181
2013,Wake,37183
2014,Warren,37185
2015,Washington,37187
2016,Watauga,37189
2017,Wayne,37191
2018,Wilkes,37193
2019,Wilson,37195
2020,Yadkin,37197
2021,Yancey,37199
2022,North Dakota,38000
2023,Adams,38001
2024,Barnes,38003
2025,Benson,38005
2026,Billings,38007
2027,Bottineau,38009
2028,Bowman,38011
2029,Burke,38013
2030,Burleigh,38015
2031,Cass,38017
2032,Cavalier,38019
2033,Dickey,38021
2034,Divide,38023
2035,Dunn,38025
2036,Eddy,38027
2037,Emmons,38029
2038,Foster,38031
2039,Golden Valley,38033
2040,Grand Forks,38035
2041,Grant,38037
2042,Griggs,38039
2043,Hettinger,38041
2044,Kidder,38043
2045,LaMoure,38045
2046,Logan,38047
2047,McHenry,38049
2048,McIntosh,38051
2049,McKenzie,38053
2050,McLean,38055
2051,Mercer,38057
2052,Morton,38059
2053,Mountrail,38061
2054,Nelson,38063
2055,Oliver,38065
2056,Pembina,38067
2057,Pierce,38069
2058,Ramsey,38071
2059,Ransom,38073
2060,Renville,38075
2061,Richland,38077
2062,Rolette,38079
2063,Sargent,38081
2064,Sheridan,38083
2065,Sioux,38085
2066,Slope,38087
2067,Stark,38089
2068,Steele,38091
2069,Stutsman,38093
2070,Towner,38095
2071,Traill,38097
2072,Walsh,38099
2073,Ward,38101
2074,Wells,38103
2075,Williams,38105
2076,Ohio,39000
2077,Adams,39001
2078,Allen,39003
2079,Ashland,39005
2080,Ashtabula,39007
2081,Athens,39009
2082,Auglaize,39011
2083,Belmont,39013
2084,Brown,39015
2085,Butler,39017
2086,Carroll,39019
2087,Champaign,39021
2088,Clark,39023
2089,Clermont,39025
2090,Clinton,39027
2091,Columbiana,39029
2092,Coshocton,39031
2093,Crawford,39033
2094,Cuyahoga,39035
2095,Darke,39037
2096,Defiance,39039
2097,Delaware,39041
2098,Erie,39043
2099,Fairfield,39045
2100,Fayette,39047
2101,Franklin,39049
2102,Fulton,39051
2103,Gallia,39053
2104,Geauga,39055
2105,Greene,39057
2106,Guernsey,39059
2107,Hamilton,39061
2108,Hancock,39063
2109,Hardin,39065
2110,Harrison,39067
2111,Henry,39069
2112,Highland,39071
2113,Hocking,39073
2114,Holmes,39075
2115,Huron,39077
2116,Jackson,39079
2117,Jefferson,39081
2118,Knox,39083
2119,Lake,39085
2120,Lawrence,39087
2121,Licking,39089
2122,Logan,39091
2123,Lorain,39093
2124,Lucas,39095
2125,Madison,39097
2126,Mahoning,39099
2127,Marion,39101
2128,Medina,39103
2129,Meigs,39105
2130,Mercer,39107
2131,Miami,39109
2132,Monroe,39111
2133,Montgomery,39113
2134,Morgan,39115
2135,Morrow,39117
2136,Muskingum,39119
2137,Noble,39121
2138,Ottawa,39123
2139,Paulding,39125
2140,Perry,39127
2141,Pickaway,39129
2142,Pike,39131
2143,Portage,39133
2144,Preble,39135
2145,Putnam,39137
2146,Richland,39139
2147,Ross,39141
2148,Sandusky,39143
2149,Scioto,39145
2150,Seneca,39147
2151,Shelby,39149
2152,Stark,39151
2153,Summit,39153
2154,Trumbull,39155
2155,Tuscarawas,39157
2156,Union,39159
2157,Van Wert,39161
2158,Vinton,39163
2159,Warren,39165
2160,Washington,39167
2161,Wayne,39169
2162,Williams,39171
2163,Wood,39173
2164,Wyandot,39175
2165,Oklahoma,40000
2166,Adair,40001
2167,Alfalfa,40003
2168,Atoka,40005
2169,Beaver,40007
2170,Beckham,40009
2171,Blaine,40011
2172,Bryan,40013
2173,Caddo,40015
2174,Canadian,40017
2175,Carter,40019
2176,Cherokee,40021
2177,Choctaw,40023
2178,Cimarron,40025
2179,Cleveland,40027
2180,Coal,40029
2181,Comanche,40031
2182,Cotton,40033
2183,Craig,40035
2184,Creek,40037
2185,Custer,40039
2186,Delaware,40041
2187,Dewey,40043
2188,Ellis,40045
2189,Garfield,40047
2190,Garvin,40049
2191,Grady,40051
2192,Grant,40053
2193,Greer,40055
2194,Harmon,40057
2195,Harper,40059
2196,Haskell,40061
2197,Hughes,40063
2198,Jackson,40065
2199,Jefferson,40067
2200,Johnston,40069
2201,Kay,40071
2202,Kingfisher,40073
2203,Kiowa,40075
2204,Latimer,40077
2205,Le Flore,40079
2206,Lincoln,40081
2207,Logan,40083
2208,Love,40085
2209,McClain,40087
2210,McCurtain,40089
2211,McIntosh,40091
2212,Major,40093
2213,Marshall,40095
2214,Mayes,40097
2215,Murray,40099
2216,Muskogee,40101
2217,Noble,40103
2218,Nowata,40105
2219,Okfuskee,40107
2220,Oklahoma,40109
2221,Okmulgee,40111
2222,Osage,40113
2223,Ottawa,40115
2224,Pawnee,40117
2225,Payne,40119
2226,Pittsburg,40121
2227,Pontotoc,40123
2228,Pottawatomie,40125
2229,Pushmataha,40127
2230,Roger Mills,40129
2231,Rogers,40131
2232,Seminole,40133
2233,Sequoyah,40135
2234,Stephens,40137
2235,Texas,40139
2236,Tillman,40141
2237,Tulsa,40143
2238,Wagoner,40145
2239,Washington,40147
2240,Washita,40149
2241,Woods,40151
2242,Woodward,40153
2243,Oregon,41000
2244,Baker,41001
2245,Benton,41003
2246,Clackamas,41005
2247,Clatsop,41007
2248,Columbia,41009
2249,Coos,41011
2250,Crook,41013
2251,Curry,41015
2252,Deschutes,41017
2253,Douglas,41019
2254,Gilliam,41021
2255,Grant,41023
2256,Harney,41025
2257,Hood River,41027
2258,Jackson,41029
2259,Jefferson,41031
2260,Josephine,41033
2261,Klamath,41035
2262,Lake,41037
2263,Lane,41039
2264,Lincoln,41041
2265,Linn,41043
2266,Malheur,41045
2267,Marion,41047
2268,Morrow,41049
2269,Multnomah,41051
2270,Polk,41053
2271,Sherman,41055
2272,Tillamook,41057
2273,Umatilla,41059
2274,Union,41061
2275,Wallowa,41063
2276,Wasco,41065
2277,Washington,41067
2278,Wheeler,41069
2279,Yamhill,41071
2280,Pennsylvania,42000
2281,Adams,42001
2282,Allegheny,42003
2283,Armstrong,42005
2284,Beaver,42007
2285,Bedford,42009
2286,Berks,42011
2287,Blair,42013
2288,Bradford,42015
2289,Bucks,42017
2290,Butler,42019
2291,Cambria,42021
2292,Cameron,42023
2293,Carbon,42025
2294,Centre,42027
2295,Chester,42029
2296,Clarion,42031
2297,Clearfield,42033
2298,Clinton,42035
2299,Columbia,42037
2300,Crawford,42039
2301,Cumberland,42041
2302,Dauphin,42043
2303,Delaware,42045
2304,Elk,42047
2305,Erie,42049
2306,Fayette,42051
2307,Forest,42053
2308,Franklin,42055
2309,Fulton,42057
2310,Greene,42059
2311,Huntingdon,42061
2312,Indiana,42063
2313,Jefferson,42065
2314,Juniata,42067
2315,Lackawanna,42069
2316,Lancaster,42071
2317,Lawrence,42073
2318,Lebanon,42075
2319,Lehigh,42077
2320,Luzerne,42079
2321,Lycoming,42081
2322,McKean,42083
2323,Mercer,42085
2324,Mifflin,42087
2325,Monroe,42089
2326,Montgomery,42091
2327,Montour,42093
2328,Northampton,42095
2329,Northumberland,42097
2330,Perry,42099
2331,Philadelphia,42101
2332,Pike,42103
2333,Potter,42105
2334,Schuylkill,42107
2335,Snyder,42109
2336,Somerset,42111
2337,Sullivan,42113
2338,Susquehanna,42115
2339,Tioga,42117
2340,Union,42119
2341,Venango,42121
2342,Warren,42123
2343,Washington,42125
2344,Wayne,42127
2345,Westmoreland,42129
2346,Wyoming,42131
2347,York,42133
2348,Rhode Island,44000
2349,Bristol,44001
2350,Kent,44003
2351,Newport,44005
2352,Providence,44007
2353,Washington,44009
2354,South Carolina,45000
2355,Abbeville,45001
2356,Aiken,45003
2357,Allendale,45005
2358,Anderson,45007
2359,Bamberg,45009
2360,Barnwell,45011
2361,Beaufort,45013
2362,Berkeley,45015
2363,Calhoun,45017
2364,Charleston,45019
2365,Cherokee,45021
2366,Chester,45023
2367,Chesterfield,45025
2368,Clarendon,45027
2369,Colleton,45029
2370,Darlington,45031
2371,Dillon,45033
2372,Dorchester,45035
2373,Edgefield,45037
2374,Fairfield,45039
2375,Florence,45041
2376,Georgetown,45043
2377,Greenville,45045
2378,Greenwood,45047
2379,Hampton,45049
2380,Horry,45051
2381,Jasper,45053
2382,Kershaw,45055
2383,Lancaster,45057
2384,Laurens,45059
2385,Lee,45061
2386,Lexington,45063
2387,McCormick,45065
2388,Marion,45067
2389,Marlboro,45069
2390,Newberry,45071
2391,Oconee,45073
2392,Orangeburg,45075
2393,Pickens,45077
2394,Richland,45079
2395,Saluda,45081
2396,Spartanburg,45083
2397,Sumter,45085
2398,Union,45087
2399,Williamsburg,45089
2400,York,45091
2401,South Dakota,46000
2402,Aurora,46003
2403,Beadle,46005
2404,Bennett,46007
2405,Bon Homme,46009
2406,Brookings,46011
2407,Brown,46013
2408,Brule,46015
2409,Buffalo,46017
2410,Butte,46019
2411,Campbell,46021
2412,Charles Mix,46023
2413,Clark,46025
2414,Clay,46027
2415,Codington,46029
2416,Corson,46031
2417,Custer,46033
2418,Davison,46035
2419,Day,46037
2420,Deuel,46039
2421,Dewey,46041
2422,Douglas,46043
2423,Edmunds,46045
2424,Fall River,46047
2425,Faulk,46049
2426,Grant,46051
2427,Gregory,46053
2428,Haakon,46055
2429,Hamlin,46057
2430,Hand,46059
2431,Hanson,46061
2432,Harding,46063
2433,Hughes,46065
2434,Hutchinson,46067
2435,Hyde,46069
2436,Jackson,46071
2437,Jerauld,46073
2438,Jones,46075
2439,Kingsbury,46077
2440,Lake,46079
2441,Lawrence,46081
2442,Lincoln,46083
2443,Lyman,46085
2444,McCook,46087
2445,McPherson,46089
2446,Marshall,46091
2447,Meade,46093
2448,Mellette,46095
2449,Miner,46097
2450,Minnehaha,46099
2451,Moody,46101
2452,Pennington,46103
2453,Perkins,46105
2454,Potter,46107
2455,Roberts,46109
2456,Sanborn,46111
2457,Oglala Lakota,46102
2458,Spink,46115
2459,Stanley,46117
2460,Sully,46119
2461,Todd,46121
2462,Tripp,46123
2463,Turner,46125
2464,Union,46127
2465,Walworth,46129
2466,Yankton,46135
2467,Ziebach,46137
2468,Tennessee,47000
2469,Anderson,47001
2470,Bedford,47003
2471,Benton,47005
2472,Bledsoe,47007
2473,Blount,47009
2474,Bradley,47011
2475,Campbell,47013
2476,Cannon,47015
2477,Carroll,47017
2478,Carter,47019
2479,Cheatham,47021
2480,Chester,47023
2481,Claiborne,47025
2482,Clay,47027
2483,Cocke,47029
2484,Coffee,47031
2485,Crockett,47033
2486,Cumberland,47035
2487,Davidson,47037
2488,Decatur,47039
2489,DeKalb,47041
2490,Dickson,47043
2491,Dyer,47045
2492,Fayette,47047
2493,Fentress,47049
2494,Franklin,47051
2495,Gibson,47053
2496,Giles,47055
2497,Grainger,47057
2498,Greene,47059
2499,Grundy,47061
2500,Hamblen,47063
2501,Hamilton,47065
2502,Hancock,47067
2503,Hardeman,47069
2504,Hardin,47071
2505,Hawkins,47073
2506,Haywood,47075
2507,Henderson,47077
2508,Henry,47079
2509,Hickman,47081
2510,Houston,47083
2511,Humphreys,47085
2512,Jackson,47087
2513,Jefferson,47089
2514,Johnson,47091
2515,Knox,47093
2516,Lake,47095
2517,Lauderdale,47097
2518,Lawrence,47099
2519,Lewis,47101
2520,Lincoln,47103
2521,Loudon,47105
2522,McMinn,47107
2523,McNairy,47109
2524,Macon,47111
2525,Madison,47113
2526,Marion,47115
2527,Marshall,47117
2528,Maury,47119
2529,Meigs,47121
2530,Monroe,47123
2531,Montgomery,47125
2532,Moore,47127
2533,Morgan,47129
2534,Obion,47131
2535,Overton,47133
2536,Perry,47135
2537,Pickett,47137
2538,Polk,47139
2539,Putnam,47141
2540,Rhea,47143
2541,Roane,47145
2542,Robertson,47147
2543,Rutherford,47149
2544,Scott,47151
2545,Sequatchie,47153
2546,Sevier,47155
2547,Shelby,47157
2548,Smith,47159
2549,Stewart,47161
2550,Sullivan,47163
2551,Sumner,47165
2552,Tipton,47167
2553,Trousdale,47169
2554,Unicoi,47171
2555,Union,47173
2556,Van Buren,47175
2557,Warren,47177
2558,Washington,47179
2559,Wayne,47181
2560,Weakley,47183
2561,White,47185
2562,Williamson,47187
2563,Wilson,47189
2564,Texas,48000
2565,Anderson,48001
2566,Andrews,48003
2567,Angelina,48005
2568,Aransas,48007
2569,Archer,48009
2570,Armstrong,48011
2571,Atascosa,48013
2572,Austin,48015
2573,Bailey,48017
2574,Bandera,48019
2575,Bastrop,48021
2576,Baylor,48023
2577,Bee,48025
2578,Bell,48027
2579,Bexar,48029
2580,Blanco,48031
2581,Borden,48033
2582,Bosque,48035
2583,Bowie,48037
2584,Brazoria,48039
2585,Brazos,48041
2586,Brewster,48043
2587,Briscoe,48045
2588,Brooks,48047
2589,Brown,48049
2590,Burleson,48051
2591,Burnet,48053
2592,Caldwell,48055
2593,Calhoun,48057
2594,Callahan,48059
2595,Cameron,48061
2596,Camp,48063
2597,Carson,48065
2598,Cass,48067
2599,Castro,48069
2600,Chambers,48071
2601,Cherokee,48073
2602,Childress,48075
2603,Clay,48077
2604,Cochran,48079
2605,Coke,48081
2606,Coleman,48083
2607,Collin,48085
2608,Collingsworth,48087
2609,Colorado,48089
2610,Comal,48091
2611,Comanche,48093
2612,Concho,48095
2613,Cooke,48097
2614,Coryell,48099
2615,Cottle,48101
2616,Crane,48103
2617,Crockett,48105
2618,Crosby,48107
2619,Culberson,48109
2620,Dallam,48111
2621,Dallas,48113
2622,Dawson,48115
2623,Deaf Smith,48117
2624,Delta,48119
2625,Denton,48121
2626,De Witt,48123
2627,Dickens,48125
2628,Dimmit,48127
2629,Donley,48129
2630,Duval,48131
2631,Eastland,48133
2632,Ector,48135
2633,Edwards,48137
2634,Ellis,48139
2635,El Paso,48141
2636,Erath,48143
2637,Falls,48145
2638,Fannin,48147
2639,Fayette,48149
2640,Fisher,48151
2641,Floyd,48153
2642,Foard,48155
2643,Fort Bend,48157
2644,Franklin,48159
2645,Freestone,48161
2646,Frio,48163
2647,Gaines,48165
2648,Galveston,48167
2649,Garza,48169
2650,Gillespie,48171
2651,Glasscock,48173
2652,Goliad,48175
2653,Gonzales,48177
2654,Gray,48179
2655,Grayson,48181
2656,Gregg,48183
2657,Grimes,48185
2658,Guadalupe,48187
2659,Hale,48189
2660,Hall,48191
2661,Hamilton,48193
2662,Hansford,48195
2663,Hardeman,48197
2664,Hardin,48199
2665,Harris,48201
2666,Harrison,48203
2667,Hartley,48205
2668,Haskell,48207
2669,Hays,48209
2670,Hemphill,48211
2671,Henderson,48213
2672,Hidalgo,48215
2673,Hill,48217
2674,Hockley,48219
2675,Hood,48221
2676,Hopkins,48223
2677,Houston,48225
2678,Howard,48227
2679,Hudspeth,48229
2680,Hunt,48231
2681,Hutchinson,48233
2682,Irion,48235
2683,Jack,48237
2684,Jackson,48239
2685,Jasper,48241
2686,Jeff Davis,48243
2687,Jefferson,48245
2688,Jim Hogg,48247
2689,Jim Wells,48249
2690,Johnson,48251
2691,Jones,48253
2692,Karnes,48255
2693,Kaufman,48257
2694,Kendall,48259
2695,Kenedy,48261
2696,Kent,48263
2697,Kerr,48265
2698,Kimble,48267
2699,King,48269
2700,Kinney,48271
2701,Kleberg,48273
2702,Knox,48275
2703,Lamar,48277
2704,Lamb,48279
2705,Lampasas,48281
2706,La Salle,48283
2707,Lavaca,48285
2708,Lee,48287
2709,Leon,48289
2710,Liberty,48291
2711,Limestone,48293
2712,Lipscomb,48295
2713,Live Oak,48297
2714,Llano,48299
2715,Loving,48301
2716,Lubbock,48303
2717,Lynn,48305
2718,McCulloch,48307
2719,McLennan,48309
2720,McMullen,48311
2721,Madison,48313
2722,Marion,48315
2723,Martin,48317
2724,Mason,48319
2725,Matagorda,48321
2726,Maverick,48323
2727,Medina,48325
2728,Menard,48327
2729,Midland,48329
2730,Milam,48331
2731,Mills,48333
2732,Mitchell,48335
2733,Montague,48337
2734,Montgomery,48339
2735,Moore,48341
2736,Morris,48343
2737,Motley,48345
2738,Nacogdoches,48347
2739,Navarro,48349
2740,Newton,48351
2741,Nolan,48353
2742,Nueces,48355
2743,Ochiltree,48357
2744,Oldham,48359
2745,Orange,48361
2746,Palo Pinto,48363
2747,Panola,48365
2748,Parker,48367
2749,Parmer,48369
2750,Pecos,48371
2751,Polk,48373
2752,Potter,48375
2753,Presidio,48377
2754,Rains,48379
2755,Randall,48381
2756,Reagan,48383
2757,Real,48385
2758,Red River,48387
2759,Reeves,48389
2760,Refugio,48391
2761,Roberts,48393
2762,Robertson,48395
2763,Rockwall,48397
2764,Runnels,48399
2765,Rusk,48401
2766,Sabine,48403
2767,San Augustine,48405
2768,San Jacinto,48407
2769,San Patricio,48409
2770,San Saba,48411
2771,Schleicher,48413
2772,Scurry,48415
2773,Shackelford,48417
2774,Shelby,48419
2775,Sherman,48421
2776,Smith,48423
2777,Somervell,48425
2778,Starr,48427
2779,Stephens,48429
2780,Sterling,48431
2781,Stonewall,48433
2782,Sutton,48435
2783,Swisher,48437
2784,Tarrant,48439
2785,Taylor,48441
2786,Terrell,48443
2787,Terry,48445
2788,Throckmorton,48447
2789,Titus,48449
2790,Tom Green,48451
2791,Travis,48453
2792,Trinity,48455
2793,Tyler,48457
2794,Upshur,48459
2795,Upton,48461
2796,Uvalde,48463
2797,Val Verde,48465
2798,Van Zandt,48467
2799,Victoria,48469
2800,Walker,48471
2801,Waller,48473
2802,Ward,48475
2803,Washington,48477
2804,Webb,48479
2805,Wharton,48481
2806,Wheeler,48483
2807,Wichita,48485
2808,Wilbarger,48487
2809,Willacy,48489
2810,Williamson,48491
2811,Wilson,48493
2812,Winkler,48495
2813,Wise,48497
2814,Wood,48499
2815,Yoakum,48501
2816,Young,48503
2817,Zapata,48505
2818,Zavala,48507
2819,Utah,49000
2820,Beaver,49001
2821,Box Elder,49003
2822,Cache,49005
2823,Carbon,49007
2824,Daggett,49009
2825,Davis,49011
2826,Duchesne,49013
2827,Emery,49015
2828,Garfield,49017
2829,Grand,49019
2830,Iron,49021
2831,Juab,49023
2832,Kane,49025
2833,Millard,49027
2834,Morgan,49029
2835,Piute,49031
2836,Rich,49033
2837,Salt Lake,49035
2838,San Juan,49037
2839,Sanpete,49039
2840,Sevier,49041
2841,Summit,49043
2842,Tooele,49045
2843,Uintah,49047
2844,Utah,49049
2845,Wasatch,49051
2846,Washington,49053
2847,Wayne,49055
2848,Weber,49057
2849,Vermont,50000
2850,Addison,50001
2851,Bennington,50003
2852,Caledonia,50005
2853,Chittenden,50007
2854,Essex,50009
2855,Franklin,50011
2856,Grand Isle,50013
2857,Lamoille,50015
2858,Orange,50017
2859,Orleans,50019
2860,Rutland,50021
2861,Washington,50023
2862,Windham,50025
2863,Windsor,50027
2864,Virginia,51000
2865,Accomack,51001
2866,Albemarle,51003
2867,Alleghany,51005
2868,Amelia,51007
2869,Amherst,51009
2870,Appomattox,51011
2871,Arlington,51013
2872,Augusta,51015
2873,Bath,51017
2874,Bedford,51019
2875,Bland,51021
2876,Botetourt,51023
2877,Brunswick,51025
2878,Buchanan,51027
2879,Buckingham,51029
2880,Campbell,51031
2881,Caroline,51033
2882,Carroll,51035
2883,Charles City,51036
2884,Charlotte,51037
2885,Chesterfield,51041
2886,Clarke,51043
2887,Craig,51045
2888,Culpeper,51047
2889,Cumberland,51049
2890,Dickenson,51051
2891,Dinwiddie,51053
2892,Essex,51057
2893,Fairfax,51059
2894,Fauquier,51061
2895,Floyd,51063
2896,Fluvanna,51065
2897,Franklin,51067
2898,Frederick,51069
2899,Giles,51071
2900,Gloucester,51073
2901,Goochland,51075
2902,Grayson,51077
2903,Greene,51079
2904,Greensville,51081
2905,Halifax,51083
2906,Hanover,51085
2907,Henrico,51087
2908,Henry,51089
2909,Highland,51091
2910,Isle of Wight,51093
2911,James City,51095
2912,King and Queen,51097
2913,King George,51099
2914,King William,51101
2915,Lancaster,51103
2916,Lee,51105
2917,Loudoun,51107
2918,Louisa,51109
2919,Lunenburg,51111
2920,Madison,51113
2921,Mathews,51115
2922,Mecklenburg,51117
2923,Middlesex,51119
2924,Montgomery,51121
2925,Nelson,51125
2926,New Kent,51127
2927,Northampton,51131
2928,Northumberland,51133
2929,Nottoway,51135
2930,Orange,51137
2931,Page,51139
2932,Patrick,51141
2933,Pittsylvania,51143
2934,Powhatan,51145
2935,Prince Edward,51147
2936,Prince George,51149
2937,Prince William,51153
2938,Pulaski,51155
2939,Rappahannock,51157
2940,Richmond,51159
2941,Roanoke,51161
2942,Rockbridge,51163
2943,Rockingham,51165
2944,Russell,51167
2945,Scott,51169
2946,Shenandoah,51171
2947,Smyth,51173
2948,Southampton,51175
2949,Spotsylvania,51177
2950,Stafford,51179
2951,Surry,51181
2952,Sussex,51183
2953,Tazewell,51185
2954,Warren,51187
2955,Washington,51191
2956,Westmoreland,51193
2957,Wise,51195
2958,Wythe,51197
2959,York,51199
2960,Alexandria,51510
2961,Bedford,51515
2962,Bristol,51520
2963,Buena Vista,51530
2964,Charlottesville,51540
2965,Chesapeake,51550
2966,Clifton Forge,51560
2967,Colonial Heights,51570
2968,Covington,51580
2969,Danville,51590
2970,Emporia,51595
2971,Fairfax,51600
2972,Falls Church,51610
2973,Franklin,51620
2974,Fredericksburg,51630
2975,Galax,51640
2976,Hampton,51650
2977,Harrisonburg,51660
2978,Hopewell,51670
2979,Lexington,51678
2980,Lynchburg,51680
2981,Manassas,51683
2982,Manassas Park,51685
2983,Martinsville,51690
2984,Newport News,51700
2985,Norfolk,51710
2986,Norton,51720
2987,Petersburg,51730
2988,Poquoson,51735
2989,Portsmouth,51740
2990,Radford,51750
2991,Richmond,51760
2992,Roanoke,51770
2993,Salem,51775
2994,South Boston,51780
2995,Staunton,51790
2996,Suffolk,51800
2997,Virginia Beach,51810
2998,Waynesboro,51820
2999,Williamsburg,51830
3000,Winchester,51840
3001,Washington,53000
3002,Adams,53001
3003,Asotin,53003
3004,Benton,53005
3005,Chelan,53007
3006,Clallam,53009
3007,Clark,53011
3008,Columbia,53013
3009,Cowlitz,53015
3010,Douglas,53017
3011,Ferry,53019
3012,Franklin,53021
3013,Garfield,53023
3014,Grant,53025
3015,Grays Harbor,53027
3016,Island,53029
3017,Jefferson,53031
3018,King,53033
3019,Kitsap,53035
3020,Kittitas,53037
3021,Klickitat,53039
3022,Lewis,53041
3023,Lincoln,53043
3024,Mason,53045
3025,Okanogan,53047
3026,Pacific,53049
3027,Pend Oreille,53051
3028,Pierce,53053
3029,San Juan,53055
3030,Skagit,53057
3031,Skamania,53059
3032,Snohomish,53061
3033,Spokane,53063
3034,Stevens,53065
3035,Thurston,53067
3036,Wahkiakum,53069
3037,Walla Walla,53071
3038,Whatcom,53073
3039,Whitman,53075
3040,Yakima,53077
3041,West Virginia,54000
3042,Barbour,54001
3043,Berkeley,54003
3044,Boone,54005
3045,Braxton,54007
3046,Brooke,54009
3047,Cabell,54011
3048,Calhoun,54013
3049,Clay,54015
3050,Doddridge,54017
3051,Fayette,54019
3052,Gilmer,54021
3053,Grant,54023
3054,Greenbrier,54025
3055,Hampshire,54027
3056,Hancock,54029
3057,Hardy,54031
3058,Harrison,54033
3059,Jackson,54035
3060,Jefferson,54037
3061,Kanawha,54039
3062,Lewis,54041
3063,Lincoln,54043
3064,Logan,54045
3065,McDowell,54047
3066,Marion,54049
3067,Marshall,54051
3068,Mason,54053
3069,Mercer,54055
3070,Mineral,54057
3071,Mingo,54059
3072,Monongalia,54061
3073,Monroe,54063
3074,Morgan,54065
3075,Nicholas,54067
3076,Ohio,54069
3077,Pendleton,54071
3078,Pleasants,54073
3079,Pocahontas,54075
3080,Preston,54077
3081,Putnam,54079
3082,Raleigh,54081
3083,Randolph,54083
3084,Ritchie,54085
3085,Roane,54087
3086,Summers,54089
3087,Taylor,54091
3088,Tucker,54093
3089,Tyler,54095
3090,Upshur,54097
3091,Wayne,54099
3092,Webster,54101
3093,Wetzel,54103
3094,Wirt,54105
3095,Wood,54107
3096,Wyoming,54109
3097,Wisconsin,55000
3098,Adams,55001
3099,Ashland,55003
3100,Barron,55005
3101,Bayfield,55007
3102,Brown,55009
3103,Buffalo,55011
3104,Burnett,55013
3105,Calumet,55015
3106,Chippewa,55017
3107,Clark,55019
3108,Columbia,55021
3109,Crawford,55023
3110,Dane,55025
3111,Dodge,55027
3112,Door,55029
3113,Douglas,55031
3114,Dunn,55033
3115,Eau Claire,55035
3116,Florence,55037
3117,Fond du Lac,55039
3118,Forest,55041
3119,Grant,55043
3120,Green,55045
3121,Green Lake,55047
3122,Iowa,55049
3123,Iron,55051
3124,Jackson,55053
3125,Jefferson,55055
3126,Juneau,55057
3127,Kenosha,55059
3128,Kewaunee,55061
3129,La Crosse,55063
3130,Lafayette,55065
3131,Langlade,55067
3132,Lincoln,55069
3133,Manitowoc,55071
3134,Marathon,55073
3135,Marinette,55075
3136,Marquette,55077
3137,Menominee,55078
3138,Milwaukee,55079
3139,Monroe,55081
3140,Oconto,55083
3141,Oneida,55085
3142,Outagamie,55087
3143,Ozaukee,55089
3144,Pepin,55091
3145,Pierce,55093
3146,Polk,55095
3147,Portage,55097
3148,Price,55099
3149,Racine,55101
3150,Richland,55103
3151,Rock,55105
3152,Rusk,55107
3153,St. Croix,55109
3154,Sauk,55111
3155,Sawyer,55113
3156,Shawano,55115
3157,Sheboygan,55117
3158,Taylor,55119
3159,Trempealeau,55121
3160,Vernon,55123
3161,Vilas,55125
3162,Walworth,55127
3163,Washburn,55129
3164,Washington,55131
3165,Waukesha,55133
3166,Waupaca,55135
3167,Waushara,55137
3168,Winnebago,55139
3169,Wood,55141
3170,Wyoming,56000
3171,Albany,56001
3172,Big Horn,56003
3173,Campbell,56005
3174,Carbon,56007
3175,Converse,56009
3176,Crook,56011
3177,Fremont,56013
3178,Goshen,56015
3179,Hot Springs,56017
3180,Johnson,56019
3181,Laramie,56021
3182,Lincoln,56023
3183,Natrona,56025
3184,Niobrara,56027
3185,Park,56029
3186,Platte,56031
3187,Sheridan,56033
3188,Sublette,56035
3189,Sweetwater,56037
3190,Teton,56039
3191,Uinta,56041
3192,Washakie,56043
3193,Weston,56045
3194,America Somoa,60000
3195,Eastern,60010
3196,Manu'a,60020
3197,Rose Island,60030
3198,Swains Island,60040
3199,Western,60050
3200,Federated States of Micronesia,64000
3201,Chuuk,64002
3202,Kosrae,64005
3203,Pohnpeit,64040
3204,Yap,64060
3205,Guam,66000
3206,Guam,66010
3207,Marshall Islands,68000
3208,Ailinginae,68007
3209,Ailinglaplap,68010
3210,Ailuk,68030
3211,Arno,68040
3212,Aur,68050
3213,Bikar,68060
3214,Bikini,68070
3215,Bokak,68073
3216,Ebon,68080
3217,Enewetak,68090
3218,Erikub,68100
3219,Jabat,68110
3220,Jaluit,68120
3221,Jemo,68130
3222,Kili,68140
3223,Kwajalein,68150
3224,Lae,68160
3225,Lib,68170
3226,Likiep,68180
3227,Majuro,68190
3228,Maloelap,68300
3229,Mejit,68310
3230,Mili,68320
3231,Namorik,68330
3232,Namu,68340
3233,Rongelap,68350
3234,Rongrik,68360
3235,Toke,68385
3236,Ujae,68390
3237,Ujelang,68400
3238,Utrik,68410
3239,Wotho,68420
3240,Wotle,68430
3241,Northern Mariana Islands,69000
3242,Northern Islands,69085
3243,Rota,69100
3244,Saipan,69110
3245,Tinian,69120
3246,Palau,70000
3247,Aimeliik,70002
3248,Airai,70004
3249,Melekeok,70212
3250,Ngaraard,70214
3251,Ngernmlengui,70227
3252,Ngiwal,70228
3253,Puerto Rico,72000
3254,Adjuntas,72001
3255,Aguada,72003
3256,Aguadilla,72005
3257,Aguas Buenas,72007
3258,Aibonito,72009
3259,Anasco,72011
3260,Arecibo,72013
3261,Arroyo,72015
3262,Barceloneta,72017
3263,Barranquitas,72019
3264,Bayamo'n,72021
3265,Cabo Rojo,72023
3266,Caguas,72025
3267,Camuy,72027
3268,Canovanas,72029
3269,Carolina,72031
3270,Catano,72033
3271,Cayey,72035
3272,Ceiba,72037
3273,Cidra,72041
3274,Coamo,72043
3275,Comerio,72045
3276,Corozal,72047
3277,Culebra,72049
3278,Dorado,72051
3279,Fajardo,72053
3280,Florida,72054
3281,Guanica,72055
3282,Guayama,72057
3283,Guayanilla,72059
3284,Guaynabo,72061
3285,Gurabo,72063
3286,Hatillo,72065
3287,Hormigueros,72067
3288,Humacao,72069
3289,Isabela,72071
3290,Jayuya,72073
3291,Juana Diaz,72075
3292,Juncos,72077
3293,Lajas,72079
3294,Lares,72081
3295,Las Marias,72083
3296,Las Piedras,72085
3297,Loiza,72087
3298,Luquillo,72089
3299,Manati,72091
3300,Maricao,72093
3301,Mayaguez,72097
3302,Moca,72099
3303,Morovis,72101
3304,Naguabo,72103
3305,Naranjito,72105
3306,Orocovis,72107
3307,Patillas,72109
3308,Penuelas,72111
3309,Ponce,72113
3310,Quebradillas,72115
3311,Rincon,72117
3312,Rio Grande,72119
3313,Sabana Grande,72121
3314,Salinas,72123
3315,San German,72125
3316,San Juan,72127
3317,San Lorenzo,72129
3318,San Sebastian,72131
3319,Santa Isabel,72133
3320,Toa Alta,72135
3321,Toa Baja,72137
3322,Trujillo Alto,72139
3323,Utuado,72141
3324,Vega Alta,72143
3325,Vega Baja,72145
3326,Vieques,72147
3327,Villalba,72149
3328,Yabucoa,72151
3329,Yauco,72153
3330,U.S. Minor Outlying Islands,74000
3331,Baker Island,74050
3332,Howland Island,74100
3333,Jarvis Island,74150
3334,Johnston Island,74200
3335,Kingman Reef,74250
3336,Midway Islands,74300
3337,Navassa Island,74350
3338,Palmyra Atoll,74400
3339,Wake Island,74450
3340,Virgin Islands of the United States,78000
3341,Angaur,78010
3342,St. Croix,78010
3343,St. John,78020
3344,St. Thomas,78030
3345,Hatoboheit,78050
3346,Kayangel,78100
3347,Koror,78150
3348,Ngarchelong,78218
3349,Ngardmau,78222
3350,Ngatpang,78224
3351,Ngchesar,78226
3352,Peleliu,78350
3353,Sonsorol,78370
